id,type,journal_id,label,name,issn_l,source_type,host_organization_name
journal:name:2005 ieee computer society conference on computer vision and pattern recognition (cvpr'05),journal,name:2005 ieee computer society conference on computer vision and pattern recognition (cvpr'05),2005 IEEE Computer Society Conference on Computer Vision and Pattern Recognition (CVPR'05),2005 IEEE Computer Society Conference on Computer Vision and Pattern Recognition (CVPR'05),,,
journal:S4363607795,journal,S4363607795,2009 IEEE Conference on Computer Vision and Pattern Recognition,2009 IEEE Conference on Computer Vision and Pattern Recognition,,conference,
journal:name:2014 ieee conference on computer vision and pattern recognition,journal,name:2014 ieee conference on computer vision and pattern recognition,2014 IEEE Conference on Computer Vision and Pattern Recognition,2014 IEEE Conference on Computer Vision and Pattern Recognition,,,
journal:name:2015 ieee conference on computer vision and pattern recognition (cvpr),journal,name:2015 ieee conference on computer vision and pattern recognition (cvpr),2015 IEEE Conference on Computer Vision and Pattern Recognition (CVPR),2015 IEEE Conference on Computer Vision and Pattern Recognition (CVPR),,,
journal:name:2015 ieee international conference on computer vision (iccv),journal,name:2015 ieee international conference on computer vision (iccv),2015 IEEE International Conference on Computer Vision (ICCV),2015 IEEE International Conference on Computer Vision (ICCV),,,
journal:name:2016 ieee conference on computer vision and pattern recognition (cvpr),journal,name:2016 ieee conference on computer vision and pattern recognition (cvpr),2016 IEEE Conference on Computer Vision and Pattern Recognition (CVPR),2016 IEEE Conference on Computer Vision and Pattern Recognition (CVPR),,,
journal:name:2017 ieee conference on computer vision and pattern recognition (cvpr),journal,name:2017 ieee conference on computer vision and pattern recognition (cvpr),2017 IEEE Conference on Computer Vision and Pattern Recognition (CVPR),2017 IEEE Conference on Computer Vision and Pattern Recognition (CVPR),,,
journal:name:2017 ieee international conference on computer vision (iccv),journal,name:2017 ieee international conference on computer vision (iccv),2017 IEEE International Conference on Computer Vision (ICCV),2017 IEEE International Conference on Computer Vision (ICCV),,,
journal:name:2018 ieee/cvf conference on computer vision and pattern recognition,journal,name:2018 ieee/cvf conference on computer vision and pattern recognition,2018 IEEE/CVF Conference on Computer Vision and Pattern Recognition,2018 IEEE/CVF Conference on Computer Vision and Pattern Recognition,,,
journal:S4363607764,journal,S4363607764,2021 IEEE/CVF International Conference on Computer Vision (ICCV),2021 IEEE/CVF International Conference on Computer Vision (ICCV),,conference,
journal:name:a new era in global health,journal,name:a new era in global health,A New Era in Global Health,A New Era in Global Health,,,
journal:S117778295,journal,S117778295,Academy of Management Journal,Academy of Management Journal,0001-4273,journal,Academy of Management
journal:S46763546,journal,S46763546,Academy of Management Review,Academy of Management Review,0363-7425,journal,Academy of Management
journal:S4210176598,journal,S4210176598,ACM SIGKDD Explorations Newsletter,ACM SIGKDD Explorations Newsletter,1931-0145,journal,Association for Computing Machinery
journal:S186921487,journal,S186921487,ACM SIGSOFT Software Engineering Notes,ACM SIGSOFT Software Engineering Notes,0163-5948,journal,Association for Computing Machinery
journal:S2492086750,journal,S2492086750,ACM Transactions on Intelligent Systems and Technology,ACM Transactions on Intelligent Systems and Technology,2157-6904,journal,Association for Computing Machinery
journal:S4210200759,journal,S4210200759,Acta Crystallographica Section A,Acta Crystallographica Section A,0567-7394,journal,International Union of Crystallography
journal:S4393918093,journal,S4393918093,Acta Crystallographica Section A Foundations and Advances,Acta Crystallographica Section A Foundations and Advances,2053-2733,journal,
journal:S150871906,journal,S150871906,Acta Crystallographica Section A Foundations of Crystallography,Acta Crystallographica Section A Foundations of Crystallography,0108-7673,journal,Wiley
journal:S4393918092,journal,S4393918092,Acta Crystallographica Section C Structural Chemistry,Acta Crystallographica Section C Structural Chemistry,2053-2296,journal,
journal:S114502960,journal,S114502960,Acta Crystallographica Section D Biological Crystallography,Acta Crystallographica Section D Biological Crystallography,0907-4449,journal,Wiley
journal:S198620474,journal,S198620474,Acta Neuropathologica,Acta Neuropathologica,0001-6322,journal,Springer Science+Business Media
journal:S199498439,journal,S199498439,Acta Psychiatrica Scandinavica,Acta Psychiatrica Scandinavica,0001-690X,journal,Wiley
journal:name:action control,journal,name:action control,Action Control,Action Control,,,
journal:S143668711,journal,S143668711,Administrative Science Quarterly,Administrative Science Quarterly,0001-8392,journal,SAGE Publishing
journal:S114437232,journal,S114437232,Advanced Drug Delivery Reviews,Advanced Drug Delivery Reviews,0169-409X,journal,Elsevier BV
journal:S16540516,journal,S16540516,Advances in Engineering Software,Advances in Engineering Software,0965-9978,journal,Elsevier BV
journal:S106560479,journal,S106560479,Advances in experimental social psychology,Advances in experimental social psychology,0065-2601,book series,Elsevier BV
journal:S4210174510,journal,S4210174510,Advances in strategic management,Advances in strategic management,0742-3322,book series,
journal:S139950591,journal,S139950591,Agronomy Journal,Agronomy Journal,0002-1962,journal,Wiley
journal:S53336109,journal,S53336109,AIAA Journal,AIAA Journal,0001-1452,journal,American Institute of Aeronautics and Astronautics
journal:S108427512,journal,S108427512,Alzheimer s & Dementia,Alzheimer s & Dementia,1552-5260,journal,Wiley
journal:S23254222,journal,S23254222,American Economic Review,American Economic Review,0002-8282,journal,American Economic Association
journal:S15871148,journal,S15871148,American Journal of Clinical Pathology,American Journal of Clinical Pathology,0002-9173,journal,Oxford University Press
journal:S14903550,journal,S14903550,American Journal of Enology and Viticulture,American Journal of Enology and Viticulture,0002-9254,journal,American Society for Enology and Viticulture
journal:S170967050,journal,S170967050,American Journal of Epidemiology,American Journal of Epidemiology,0002-9262,journal,Oxford University Press
journal:S38866342,journal,S38866342,American Journal of Physics,American Journal of Physics,0002-9505,journal,American Institute of Physics
journal:S195759676,journal,S195759676,American Journal of Preventive Medicine,American Journal of Preventive Medicine,0749-3797,journal,Elsevier BV
journal:S93356601,journal,S93356601,American Journal of Respiratory and Critical Care Medicine,American Journal of Respiratory and Critical Care Medicine,1073-449X,journal,American Thoracic Society
journal:S122471516,journal,S122471516,American Journal of Sociology,American Journal of Sociology,0002-9602,journal,University of Chicago Press
journal:S4306462811,journal,S4306462811,American Mathematical Society eBooks,American Mathematical Society eBooks,,ebook platform,Serbian Mathematical Society
journal:S4306462815,journal,S4306462815,American Psychiatric Association eBooks,American Psychiatric Association eBooks,,ebook platform,American Psychiatric Association
journal:S4306462816,journal,S4306462816,American Psychiatric Association Publishing eBooks,American Psychiatric Association Publishing eBooks,,ebook platform,
journal:S80146597,journal,S80146597,American Psychologist,American Psychologist,0003-066X,journal,American Psychological Association
journal:S157620343,journal,S157620343,American Sociological Review,American Sociological Review,0003-1224,journal,SAGE Publishing
journal:name:an integrated approach to communication theory and research,journal,name:an integrated approach to communication theory and research,An Integrated Approach to Communication Theory and Research,An Integrated Approach to Communication Theory and Research,,,
journal:S192559872,journal,S192559872,Analytica Chimica Acta,Analytica Chimica Acta,0003-2670,journal,Elsevier BV
journal:S7858788,journal,S7858788,Analytical Biochemistry,Analytical Biochemistry,0003-2697,journal,Elsevier BV
journal:S191963794,journal,S191963794,Analytical Chemistry,Analytical Chemistry,0003-2700,journal,American Chemical Society
journal:S4377196922,journal,S4377196922,Andalas University Repository (Andalas University),Andalas University Repository (Andalas University),,repository,Andalas University
journal:S139806068,journal,S139806068,Annals of Dyslexia,Annals of Dyslexia,0736-9387,journal,Springer Science+Business Media
journal:S119722071,journal,S119722071,Annals of Internal Medicine,Annals of Internal Medicine,0003-4819,journal,American College of Physicians
journal:S157664895,journal,S157664895,Annals of Surgery,Annals of Surgery,0003-4932,journal,Lippincott Williams & Wilkins
journal:S8802318,journal,S8802318,Annals of the New York Academy of Sciences,Annals of the New York Academy of Sciences,0077-8923,journal,Wiley
journal:S4210205963,journal,S4210205963,Annual Review of Ecology and Systematics,Annual Review of Ecology and Systematics,0066-4162,journal,Annual Reviews
journal:S61274580,journal,S61274580,Annual Review of Sociology,Annual Review of Sociology,0360-0572,journal,Annual Reviews
journal:S158228368,journal,S158228368,Applied and Environmental Microbiology,Applied and Environmental Microbiology,0099-2240,journal,American Society for Microbiology
journal:S2764390947,journal,S2764390947,Applied mathematical sciences,Applied mathematical sciences,0066-5452,book series,Springer Nature
journal:S94663699,journal,S94663699,Applied Psychological Measurement,Applied Psychological Measurement,0146-6216,journal,SAGE Publishing
journal:S153476765,journal,S153476765,Archives of Biochemistry and Biophysics,Archives of Biochemistry and Biophysics,0003-9861,journal,Elsevier BV
journal:S126359496,journal,S126359496,Archives of General Psychiatry,Archives of General Psychiatry,0003-990X,journal,American Medical Association
journal:S4210206803,journal,S4210206803,Archives of Internal Medicine,Archives of Internal Medicine,0003-9926,journal,American Medical Association
journal:S132787887,journal,S132787887,Arthritis & Rheumatism,Arthritis & Rheumatism,0004-3591,journal,Wiley
journal:S4306462866,journal,S4306462866,ASM International eBooks,ASM International eBooks,,ebook platform,ASM International
journal:S4210198536,journal,S4210198536,Australian and New Zealand Journal of Public Health,Australian and New Zealand Journal of Public Health,1326-0200,journal,Elsevier BV
journal:S137478622,journal,S137478622,Behavior Research Methods,Behavior Research Methods,1554-351X,journal,Springer Science+Business Media
journal:S192806854,journal,S192806854,"Behavior Research Methods, Instruments, & Computers","Behavior Research Methods, Instruments, & Computers",0743-3808,journal,Springer Science+Business Media
journal:S186589312,journal,S186589312,Behaviour Research and Therapy,Behaviour Research and Therapy,0005-7967,journal,Elsevier BV
journal:S127472826,journal,S127472826,Bell System Technical Journal,Bell System Technical Journal,0005-8580,journal,Institute of Electrical and Electronics Engineers
journal:S185467459,journal,S185467459,Biochemia Medica,Biochemia Medica,1330-0962,journal,Croatian society of medical biochemistry and laboratory medicine
journal:S185596183,journal,S185596183,Biochemical Education,Biochemical Education,0307-4412,journal,Elsevier BV
journal:S185534594,journal,S185534594,Biochemical Pharmacology,Biochemical Pharmacology,0006-2952,journal,Elsevier BV
journal:S104038378,journal,S104038378,Biochemistry,Biochemistry,0006-2960,journal,American Chemical Society
journal:S52395412,journal,S52395412,Bioinformatics,Bioinformatics,1367-4803,journal,Oxford University Press
journal:S8265502,journal,S8265502,Biometrics,Biometrics,0006-341X,journal,Oxford University Press
journal:S172180718,journal,S172180718,Biometrika,Biometrika,0006-3444,journal,Oxford University Press
journal:S56808608,journal,S56808608,Biopolymers,Biopolymers,0006-3525,journal,Wiley
journal:name:biostatistics and microbiology: a survival manual,journal,name:biostatistics and microbiology: a survival manual,Biostatistics and Microbiology: A Survival Manual,Biostatistics and Microbiology: A Survival Manual,,,
journal:S19032547,journal,S19032547,BMC Bioinformatics,BMC Bioinformatics,1471-2105,journal,BioMed Central
journal:S4393917726,journal,S4393917726,BMJ,BMJ,1756-1833,journal,
journal:S192814187,journal,S192814187,BMJ,BMJ,0959-8138,journal,BMJ
journal:S183182149,journal,S183182149,Bone Marrow Transplantation,Bone Marrow Transplantation,0268-3369,journal,Springer Nature
journal:S9986330,journal,S9986330,Breast Care,Breast Care,1661-3791,journal,Karger Publishers
journal:S62966998,journal,S62966998,British Journal of Cancer,British Journal of Cancer,0007-0920,journal,Springer Nature
journal:S93528005,journal,S93528005,British Journal of Educational Studies,British Journal of Educational Studies,0007-1005,journal,Taylor & Francis
journal:S118940690,journal,S118940690,Bulletin of Mathematical Biology,Bulletin of Mathematical Biology,0092-8240,journal,Springer Science+Business Media
journal:S140302479,journal,S140302479,Bulletin of the American Meteorological Society,Bulletin of the American Meteorological Society,0003-0007,journal,American Meteorological Society
journal:S113237667,journal,S113237667,Business Horizons,Business Horizons,0007-6813,journal,Elsevier BV
journal:S126094547,journal,S126094547,CA A Cancer Journal for Clinicians,CA A Cancer Journal for Clinicians,0007-9235,journal,Wiley
journal:S4306462995,journal,S4306462995,Cambridge University Press eBooks,Cambridge University Press eBooks,,ebook platform,Cambridge University Press
journal:S4210189559,journal,S4210189559,Canadian Graduate Journal of Sociology and Criminology,Canadian Graduate Journal of Sociology and Criminology,1927-9825,journal,University of Waterloo
journal:S4210182832,journal,S4210182832,Canadian Journal of Biochemistry and Physiology,Canadian Journal of Biochemistry and Physiology,0576-5544,journal,Canadian Science Publishing
journal:S173335977,journal,S173335977,Canadian Journal of Physics,Canadian Journal of Physics,0008-4204,journal,NRC Research Press
journal:S126033908,journal,S126033908,Cancer,Cancer,0008-543X,journal,Wiley
journal:S2486275289,journal,S2486275289,Cancer Discovery,Cancer Discovery,2159-8274,journal,American Association for Cancer Research
journal:S110447773,journal,S110447773,Cell,Cell,0092-8674,journal,Cell Press
journal:S161399637,journal,S161399637,Cellular Physiology and Biochemistry,Cellular Physiology and Biochemistry,1015-8987,journal,Karger Publishers
journal:S4306402195,journal,S4306402195,CERN Document Server (European Organization for Nuclear Research),CERN Document Server (European Organization for Nuclear Research),,repository,European Organization for Nuclear Research
journal:S41143188,journal,S41143188,Chemical Reviews,Chemical Reviews,0009-2665,journal,American Chemical Society
journal:S2764375719,journal,S2764375719,Choice Reviews Online,Choice Reviews Online,0009-4978,journal,Association of College and Research Libraries
journal:S116251202,journal,S116251202,Circulation,Circulation,0009-7322,journal,Lippincott Williams & Wilkins
journal:S90511721,journal,S90511721,Cladistics,Cladistics,0748-3007,journal,Wiley
journal:S4306467859,journal,S4306467859,Clarendon Press eBooks,Clarendon Press eBooks,,ebook platform,Clarendon Press
journal:S4210217276,journal,S4210217276,Classics in mathematics,Classics in mathematics,1431-0821,book series,Springer Nature
journal:S139212996,journal,S139212996,Clinical Chemistry,Clinical Chemistry,0009-9147,journal,American Association for Clinical Chemistry
journal:S103482838,journal,S103482838,Communications of the ACM,Communications of the ACM,0001-0782,journal,Association for Computing Machinery
journal:S26018076,journal,S26018076,Computational Materials Science,Computational Materials Science,0927-0256,journal,Elsevier BV
journal:S63392143,journal,S63392143,Computer Networks,Computer Networks,1389-1286,journal,Elsevier BV
journal:S3084184,journal,S3084184,Computer Networks and ISDN Systems,Computer Networks and ISDN Systems,0169-7552,journal,Elsevier BV
journal:S60115552,journal,S60115552,Computers Environment and Urban Systems,Computers Environment and Urban Systems,0198-9715,journal,Elsevier BV
journal:S107923245,journal,S107923245,Computing in Science & Engineering,Computing in Science & Engineering,1521-9615,journal,AIP Publishing
journal:S64506217,journal,S64506217,Contemporary Educational Psychology,Contemporary Educational Psychology,0361-476X,journal,Elsevier BV
journal:S4789869,journal,S4789869,Contemporary Sociology A Journal of Reviews,Contemporary Sociology A Journal of Reviews,0094-3061,journal,SAGE Publishing
journal:S84962792,journal,S84962792,Controlled Clinical Trials,Controlled Clinical Trials,0197-2456,journal,Elsevier BV
journal:S36838616,journal,S36838616,Cytotherapy,Cytotherapy,1465-3249,journal,Elsevier BV
journal:S7407052059,journal,S7407052059,Dagstuhl Research Online Publication Server,Dagstuhl Research Online Publication Server,,repository,
journal:S121920818,journal,S121920818,Data Mining and Knowledge Discovery,Data Mining and Knowledge Discovery,1384-5810,journal,Springer Science+Business Media
journal:S4406923043,journal,S4406923043,Defense Technical Information Center (DTIC),Defense Technical Information Center (DTIC),,repository,
journal:S2764877394,journal,S2764877394,Dementia and Geriatric Cognitive Disorders Extra,Dementia and Geriatric Cognitive Disorders Extra,1664-5464,journal,Karger Publishers
journal:S104375418,journal,S104375418,Diabetologia,Diabetologia,0012-186X,journal,Springer Science+Business Media
journal:S4377196569,journal,S4377196569,DROPS (Schloss Dagstuhl – Leibniz Center for Informatics),DROPS (Schloss Dagstuhl – Leibniz Center for Informatics),,repository,Schloss Dagstuhl – Leibniz Center for Informatics
journal:S4377196388,journal,S4377196388,DSPACE System - Metalibrary (University of the Coast),DSPACE System - Metalibrary (University of the Coast),,repository,University of the Coast
journal:S88315673,journal,S88315673,Ecological Modelling,Ecological Modelling,0304-3800,journal,Elsevier BV
journal:S35917800,journal,S35917800,Ecology,Ecology,0012-9658,journal,Wiley
journal:S95464858,journal,S95464858,Econometrica,Econometrica,0012-9682,journal,Wiley
journal:S108845946,journal,S108845946,Economica,Economica,0013-0427,journal,Wiley
journal:S176831015,journal,S176831015,Educational and Psychological Measurement,Educational and Psychological Measurement,0013-1644,journal,SAGE Publishing
journal:S55175622,journal,S55175622,Educational Researcher,Educational Researcher,0013-189X,journal,SAGE Publishing
journal:S134335455,journal,S134335455,Eighteenth-Century Studies,Eighteenth-Century Studies,0013-2586,journal,Johns Hopkins University Press
journal:name:electronics: a first course,journal,name:electronics: a first course,Electronics: A First Course,Electronics: A First Course,,,
journal:S4306463230,journal,S4306463230,Elsevier eBooks,Elsevier eBooks,,ebook platform,Elsevier BV
journal:S2914327366,journal,S2914327366,EMBnet journal,EMBnet journal,2226-6089,journal,
journal:name:encyclopedia of behavioral medicine,journal,name:encyclopedia of behavioral medicine,Encyclopedia of Behavioral Medicine,Encyclopedia of Behavioral Medicine,,,
journal:name:encyclopedia of the sciences of learning,journal,name:encyclopedia of the sciences of learning,Encyclopedia of the Sciences of Learning,Encyclopedia of the Sciences of Learning,,,
journal:S4210235606,journal,S4210235606,ENLIGHTEN (Jurnal Bimbingan dan Konseling Islam),ENLIGHTEN (Jurnal Bimbingan dan Konseling Islam),2622-8912,journal,
journal:S4306400115,journal,S4306400115,eScholarship (California Digital Library),eScholarship (California Digital Library),,repository,California Digital Library
journal:S94775995,journal,S94775995,European Business Review,European Business Review,0955-534X,journal,Emerald Publishing Limited
journal:S16731738,journal,S16731738,European Journal of Cancer,European Journal of Cancer,0959-8049,journal,Elsevier BV
journal:S48690275,journal,S48690275,European Journal of Epidemiology,European Journal of Epidemiology,0393-2990,journal,Springer Science+Business Media
journal:S103321696,journal,S103321696,European Journal of Operational Research,European Journal of Operational Research,0377-2217,journal,Elsevier BV
journal:S4210207896,journal,S4210207896,European Respiratory Journal,European Respiratory Journal,0903-1936,journal,European Respiratory Society
journal:S17192686,journal,S17192686,Evaluation & Research in Education,Evaluation & Research in Education,0950-0790,journal,Routledge
journal:S87560609,journal,S87560609,Evolution,Evolution,0014-3820,journal,Oxford University Press
journal:S47042909,journal,S47042909,Feminist Review,Feminist Review,0141-7789,journal,SAGE Publishing
journal:S192660949,journal,S192660949,Feminist Studies,Feminist Studies,0046-3663,journal,Feminist Studies
journal:S83253694,journal,S83253694,Field Methods,Field Methods,1525-822X,journal,SAGE Publishing
journal:name:food and culture,journal,name:food and culture,Food and Culture,Food and Culture,,,
journal:S4210188176,journal,S4210188176,Foundations and Trends® in Machine Learning,Foundations and Trends® in Machine Learning,1935-8237,journal,Now Publishers
journal:S128018148,journal,S128018148,Free Radical Biology and Medicine,Free Radical Biology and Medicine,0891-5849,journal,Elsevier BV
journal:S169411308,journal,S169411308,Fuzzy Sets and Systems,Fuzzy Sets and Systems,0165-0114,journal,Elsevier BV
journal:S3961818,journal,S3961818,General Pharmacology The Vascular System,General Pharmacology The Vascular System,0306-3623,journal,Elsevier BV
journal:S65932378,journal,S65932378,Genetics,Genetics,0016-6731,journal,Oxford University Press
journal:S187186932,journal,S187186932,Genetics in Medicine,Genetics in Medicine,1098-3600,journal,Elsevier BV
journal:S81160022,journal,S81160022,Genome biology,Genome biology,1474-7596,journal,BioMed Central
journal:S29311329,journal,S29311329,Geological Society London Special Publications,Geological Society London Special Publications,0305-8719,journal,Geological Society of London
journal:S190989491,journal,S190989491,Gerontology,Gerontology,0304-324X,journal,Karger Publishers
journal:S170199316,journal,S170199316,Géotechnique,Géotechnique,0016-8505,journal,ICE Publishing
journal:S129458801,journal,S129458801,Harvard Educational Review,Harvard Educational Review,0017-8055,journal,Harvard University Press
journal:S4306463363,journal,S4306463363,Harvard University Press eBooks,Harvard University Press eBooks,,ebook platform,Harvard University Press
journal:S4210209709,journal,S4210209709,Health Policy,Health Policy,0168-8510,journal,Elsevier BV
journal:S176903982,journal,S176903982,Health Promotion Practice,Health Promotion Practice,1524-8399,journal,SAGE Publishing
journal:name:http://www-stat.stanford.edu/~hastie/papers/eslii.pdf,journal,name:http://www-stat.stanford.edu/~hastie/papers/eslii.pdf,http://www-stat.stanford.edu/~hastie/Papers/ESLII.pdf,http://www-stat.stanford.edu/~hastie/Papers/ESLII.pdf,,,
journal:name:http://www.cs.toronto.edu/%7ersalakhu/papers/srivastava14a.pdf,journal,name:http://www.cs.toronto.edu/%7ersalakhu/papers/srivastava14a.pdf,http://www.cs.toronto.edu/%7Ersalakhu/papers/srivastava14a.pdf,http://www.cs.toronto.edu/%7Ersalakhu/papers/srivastava14a.pdf,,,
journal:name:http://www.cs.unc.edu/%7ewliu/papers/ssd.pdf,journal,name:http://www.cs.unc.edu/%7ewliu/papers/ssd.pdf,http://www.cs.unc.edu/%7Ewliu/papers/ssd.pdf,http://www.cs.unc.edu/%7Ewliu/papers/ssd.pdf,,,
journal:name:http://www2.cs.uh.edu/~ceick/7363/papers/dbscan.pdf,journal,name:http://www2.cs.uh.edu/~ceick/7363/papers/dbscan.pdf,http://www2.cs.uh.edu/~ceick/7363/Papers/dbscan.pdf,http://www2.cs.uh.edu/~ceick/7363/Papers/dbscan.pdf,,,
journal:S61446109,journal,S61446109,Human Relations,Human Relations,0018-7267,journal,SAGE Publishing
journal:S184954342,journal,S184954342,IEEE Transactions on Automatic Control,IEEE Transactions on Automatic Control,0018-9286,journal,Institute of Electrical and Electronics Engineers
journal:S93787993,journal,S93787993,IEEE Transactions on Evolutionary Computation,IEEE Transactions on Evolutionary Computation,1089-778X,journal,Institute of Electrical and Electronics Engineers
journal:S4210173141,journal,S4210173141,IEEE Transactions on Image Processing,IEEE Transactions on Image Processing,1057-7149,journal,Institute of Electrical and Electronics Engineers
journal:S4502562,journal,S4502562,IEEE Transactions on Information Theory,IEEE Transactions on Information Theory,0018-9448,journal,Institute of Electrical and Electronics Engineers
journal:S30698027,journal,S30698027,IEEE Transactions on Knowledge and Data Engineering,IEEE Transactions on Knowledge and Data Engineering,1041-4347,journal,IEEE Computer Society
journal:S42080949,journal,S42080949,IEEE Transactions on Neural Networks,IEEE Transactions on Neural Networks,1045-9227,journal,Institute of Electrical and Electronics Engineers
journal:S199944782,journal,S199944782,IEEE Transactions on Pattern Analysis and Machine Intelligence,IEEE Transactions on Pattern Analysis and Machine Intelligence,0162-8828,journal,IEEE Computer Society
journal:S76152103,journal,S76152103,IEEE Transactions on Systems Man and Cybernetics,IEEE Transactions on Systems Man and Cybernetics,0018-9472,journal,Institute of Electrical and Electronics Engineers
journal:S166948985,journal,S166948985,Industrial Robot the international journal of robotics research and application,Industrial Robot the international journal of robotics research and application,0143-991X,journal,Emerald Publishing Limited
journal:S4210192454,journal,S4210192454,Information and Control,Information and Control,0019-9958,journal,Academic Press
journal:S4210208459,journal,S4210208459,Integrative Medicine International,Integrative Medicine International,2296-7362,journal,Karger Publishers
journal:S4306401748,journal,S4306401748,Intellectum (Universidad de La Sabana),Intellectum (Universidad de La Sabana),,repository,Universidad de La Sabana
journal:S74917805,journal,S74917805,International Journal for Quality in Health Care,International Journal for Quality in Health Care,1353-4505,journal,Oxford University Press
journal:S5382288,journal,S5382288,International Journal of Cancer,International Journal of Cancer,0020-7136,journal,Wiley
journal:S32061424,journal,S32061424,International Journal of Climatology,International Journal of Climatology,0899-8418,journal,Wiley
journal:S25538012,journal,S25538012,International Journal of Computer Vision,International Journal of Computer Vision,0920-5691,journal,Springer Science+Business Media
journal:S39841227,journal,S39841227,International Journal of Forecasting,International Journal of Forecasting,0169-2070,journal,Elsevier BV
journal:S189354248,journal,S189354248,International Journal of Information Management,International Journal of Information Management,0268-4012,journal,Elsevier BV
journal:S174538591,journal,S174538591,International Journal of Intercultural Relations,International Journal of Intercultural Relations,0147-1767,journal,Elsevier BV
journal:S114106686,journal,S114106686,International Journal of Research & Method in Education,International Journal of Research & Method in Education,1743-727X,journal,Routledge
journal:S125130336,journal,S125130336,International Journal of Social Research Methodology,International Journal of Social Research Methodology,1364-5579,journal,Taylor & Francis
journal:S90857023,journal,S90857023,International Migration Review,International Migration Review,0197-9183,journal,SAGE Publishing
journal:S172573765,journal,S172573765,JAMA,JAMA,0098-7484,journal,American Medical Association
journal:S98010888,journal,S98010888,JNCI Journal of the National Cancer Institute,JNCI Journal of the National Cancer Institute,0027-8874,journal,Oxford University Press
journal:S4306463499,journal,S4306463499,Johns Hopkins University Press eBooks,Johns Hopkins University Press eBooks,,ebook platform,Johns Hopkins University Press
journal:S207420867,journal,S207420867,Journal for the Scientific Study of Religion,Journal for the Scientific Study of Religion,0021-8294,journal,Wiley
journal:S137832324,journal,S137832324,Journal of Advanced Nursing,Journal of Advanced Nursing,0309-2402,journal,Wiley
journal:S26308392,journal,S26308392,Journal of Aesthetics and Art Criticism,Journal of Aesthetics and Art Criticism,0021-8529,journal,Oxford University Press
journal:S2755299131,journal,S2755299131,Journal of AOAC INTERNATIONAL,Journal of AOAC INTERNATIONAL,0004-5756,journal,Oxford University Press
journal:S79162954,journal,S79162954,Journal of Applied Crystallography,Journal of Applied Crystallography,0021-8898,journal,Wiley
journal:S85739584,journal,S85739584,Journal of Applied Econometrics,Journal of Applied Econometrics,0883-7252,journal,Wiley
journal:S187991544,journal,S187991544,Journal of Applied Physics,Journal of Applied Physics,0021-8979,journal,American Institute of Physics
journal:S166002381,journal,S166002381,Journal of Applied Psychology,Journal of Applied Psychology,0021-9010,journal,American Psychological Association
journal:S139930977,journal,S139930977,Journal of Artificial Intelligence Research,Journal of Artificial Intelligence Research,1076-9757,journal,AI Access Foundation
journal:S2764422239,journal,S2764422239,Journal of Basic Engineering,Journal of Basic Engineering,0021-9223,journal,American Society of Mechanical Engineers
journal:S140251998,journal,S140251998,Journal of Biological Chemistry,Journal of Biological Chemistry,0021-9258,journal,Elsevier BV
journal:S11622463,journal,S11622463,Journal of Biomedical Informatics,Journal of Biomedical Informatics,1532-0464,journal,Elsevier BV
journal:S181390377,journal,S181390377,Journal of Biomolecular NMR,Journal of Biomolecular NMR,0925-2738,journal,Springer Science+Business Media
journal:S189701308,journal,S189701308,Journal of Chemical Theory and Computation,Journal of Chemical Theory and Computation,1549-9618,journal,American Chemical Society
journal:S67905653,journal,S67905653,Journal of Chiropractic Medicine,Journal of Chiropractic Medicine,1556-3707,journal,Elsevier BV
journal:S69091592,journal,S69091592,Journal of Chronic Diseases,Journal of Chronic Diseases,0021-9681,journal,Pergamon Press
journal:S64418186,journal,S64418186,Journal of Clinical Epidemiology,Journal of Clinical Epidemiology,0895-4356,journal,Elsevier BV
journal:S18971317,journal,S18971317,Journal of Cognitive Psychotherapy,Journal of Cognitive Psychotherapy,0889-8391,journal,Springer Nature
journal:S165473669,journal,S165473669,Journal of Computational and Applied Mathematics,Journal of Computational and Applied Mathematics,0377-0427,journal,Elsevier BV
journal:S78571599,journal,S78571599,Journal of Computational Biology,Journal of Computational Biology,1066-5277,journal,"Mary Ann Liebert, Inc."
journal:S21117631,journal,S21117631,Journal of Computational Chemistry,Journal of Computational Chemistry,0192-8651,journal,Wiley
journal:S148709879,journal,S148709879,Journal of Computational Physics,Journal of Computational Physics,0021-9991,journal,Elsevier BV
journal:S141020589,journal,S141020589,Journal of Computer and System Sciences,Journal of Computer and System Sciences,0022-0000,journal,Elsevier BV
journal:S30594836,journal,S30594836,Journal of Computer-Mediated Communication,Journal of Computer-Mediated Communication,1083-6101,journal,Wiley
journal:S28349394,journal,S28349394,Journal of Dairy Science,Journal of Dairy Science,0022-0302,journal,Elsevier BV
journal:S127742747,journal,S127742747,Journal of Econometrics,Journal of Econometrics,0304-4076,journal,Elsevier BV
journal:S44585919,journal,S44585919,Journal of Economic Dynamics and Control,Journal of Economic Dynamics and Control,0165-1889,journal,Elsevier BV
journal:S146976949,journal,S146976949,Journal of Economic Entomology,Journal of Economic Entomology,0022-0493,journal,Oxford University Press
journal:S158511090,journal,S158511090,Journal of Electronic Imaging,Journal of Electronic Imaging,1017-9909,journal,SPIE
journal:S32271328,journal,S32271328,Journal of Environmental Psychology,Journal of Environmental Psychology,0272-4944,journal,Elsevier BV
journal:S4210168021,journal,S4210168021,Journal of Experimental Psychology,Journal of Experimental Psychology,0022-1015,journal,American Psychological Association
journal:S149240962,journal,S149240962,Journal of Financial Economics,Journal of Financial Economics,0304-405X,journal,Elsevier BV
journal:S116608325,journal,S116608325,Journal of General Internal Medicine,Journal of General Internal Medicine,0884-8734,journal,Springer Science+Business Media
journal:S115925768,journal,S115925768,Journal of Global Optimization,Journal of Global Optimization,0925-5001,journal,Springer Science+Business Media
journal:S122290859,journal,S122290859,Journal of Health and Social Behavior,Journal of Health and Social Behavior,0022-1465,journal,SAGE Publishing
journal:S55737203,journal,S55737203,Journal of Hydrology,Journal of Hydrology,0022-1694,journal,Elsevier BV
journal:S201669150,journal,S201669150,Journal of Immunological Methods,Journal of Immunological Methods,0022-1759,journal,Elsevier BV
journal:S19366293,journal,S19366293,Journal of Japan Society for Fuzzy Theory and Intelligent Informatics,Journal of Japan Society for Fuzzy Theory and Intelligent Informatics,1347-7986,journal,Japan Society for Fuzzy Theory and Intelligent Informatics
journal:S118988714,journal,S118988714,Journal of Machine Learning Research,Journal of Machine Learning Research,1532-4435,journal,The MIT Press
journal:S122767448,journal,S122767448,Journal of Management,Journal of Management,0149-2063,journal,SAGE Publishing
journal:S142990027,journal,S142990027,Journal of Marketing,Journal of Marketing,0022-2429,journal,SAGE Publishing
journal:S119950638,journal,S119950638,Journal of Marketing Research,Journal of Marketing Research,0022-2437,journal,SAGE Publishing
journal:S19730638,journal,S19730638,Journal of materials research/Pratt's guide to venture capital sources,Journal of materials research/Pratt's guide to venture capital sources,0884-1616,journal,Springer Nature
journal:S46058472,journal,S46058472,Journal of Molecular Biology,Journal of Molecular Biology,0022-2836,journal,Elsevier BV
journal:S144184862,journal,S144184862,Journal of Molecular Evolution,Journal of Molecular Evolution,0022-2844,journal,Springer Science+Business Media
journal:S162544196,journal,S162544196,Journal of Molecular Graphics,Journal of Molecular Graphics,0263-7855,journal,Elsevier BV
journal:S189140625,journal,S189140625,Journal of Molecular Liquids,Journal of Molecular Liquids,0167-7322,journal,Elsevier BV
journal:S134773490,journal,S134773490,Journal of Neurology Neurosurgery & Psychiatry,Journal of Neurology Neurosurgery & Psychiatry,0022-3050,journal,BMJ
journal:S132751470,journal,S132751470,Journal of Neuroscience Methods,Journal of Neuroscience Methods,0165-0270,journal,Elsevier BV
journal:S29984966,journal,S29984966,Journal of Personality and Social Psychology,Journal of Personality and Social Psychology,0022-3514,journal,American Psychological Association
journal:S190924190,journal,S190924190,Journal of Physics Condensed Matter,Journal of Physics Condensed Matter,0953-8984,journal,IOP Publishing
journal:S25370267,journal,S25370267,Journal of Policy Analysis and Management,Journal of Policy Analysis and Management,0276-8739,journal,Wiley
journal:S95323914,journal,S95323914,Journal of Political Economy,Journal of Political Economy,0022-3808,journal,University of Chicago Press
journal:S160879026,journal,S160879026,Journal of Psychiatric Research,Journal of Psychiatric Research,0022-3956,journal,Elsevier BV
journal:S167943036,journal,S167943036,Journal of Statistical Mechanics Theory and Experiment,Journal of Statistical Mechanics Theory and Experiment,1742-5468,journal,Institute of Physics
journal:S167961193,journal,S167961193,Journal of Statistical Software,Journal of Statistical Software,1548-7660,journal,Foundation for Open Access Statistics
journal:S114484406,journal,S114484406,Journal of Synchrotron Radiation,Journal of Synchrotron Radiation,0909-0495,journal,Wiley
journal:S92522684,journal,S92522684,Journal of the Academy of Marketing Science,Journal of the Academy of Marketing Science,0092-0703,journal,Springer Science+Business Media
journal:S111155417,journal,S111155417,Journal of the American Chemical Society,Journal of the American Chemical Society,0002-7863,journal,American Chemical Society
journal:S150273397,journal,S150273397,Journal of the American Dietetic Association,Journal of the American Dietetic Association,0002-8223,journal,Elsevier BV
journal:S204183829,journal,S204183829,Journal of the American Geriatrics Society,Journal of the American Geriatrics Society,0002-8614,journal,Wiley
journal:S185321339,journal,S185321339,Journal of the American Society of Echocardiography,Journal of the American Society of Echocardiography,0894-7317,journal,Elsevier BV
journal:S4394736638,journal,S4394736638,Journal of the American Statistical Association,Journal of the American Statistical Association,0162-1459,journal,
journal:S131264402,journal,S131264402,Journal of the Atmospheric Sciences,Journal of the Atmospheric Sciences,0022-4928,journal,American Meteorological Society
journal:S183498172,journal,S183498172,Journal of the Franklin Institute,Journal of the Franklin Institute,0016-0032,journal,Elsevier BV
journal:S105775785,journal,S105775785,Journal of the Mechanics and Physics of Solids,Journal of the Mechanics and Physics of Solids,0022-5096,journal,Elsevier BV
journal:S169988927,journal,S169988927,Journal of the Operational Research Society,Journal of the Operational Research Society,0160-5682,journal,Palgrave Macmillan
journal:S4210239914,journal,S4210239914,Journal of the Royal Statistical Society Series A (General),Journal of the Royal Statistical Society Series A (General),0035-9238,journal,Wiley
journal:S145009937,journal,S145009937,Journal of the Royal Statistical Society Series B (Statistical Methodology),Journal of the Royal Statistical Society Series B (Statistical Methodology),1369-7412,journal,Oxford University Press
journal:S4210214951,journal,S4210214951,Journal of the Society for Industrial and Applied Mathematics,Journal of the Society for Industrial and Applied Mathematics,0368-4245,journal,Society for Industrial and Applied Mathematics
journal:S109682412,journal,S109682412,Journal of Theoretical Biology,Journal of Theoretical Biology,0022-5193,journal,Elsevier BV
journal:S72902805,journal,S72902805,Journal of Wildlife Management,Journal of Wildlife Management,0022-541X,journal,Wiley
journal:S167815962,journal,S167815962,Kidney & Blood Pressure Research,Kidney & Blood Pressure Research,1420-4096,journal,Karger Publishers
journal:S4306402641,journal,S4306402641,LA Referencia (Red Federada de Repositorios Institucionales de Publicaciones Científicas),LA Referencia (Red Federada de Repositorios Institucionales de Publicaciones Científicas),,repository,LA Referencia
journal:S149285975,journal,S149285975,Land Economics,Land Economics,0023-7639,journal,University of Wisconsin Press
journal:S106296714,journal,S106296714,Lecture notes in computer science,Lecture notes in computer science,0302-9743,book series,Springer Science+Business Media
journal:S118039931,journal,S118039931,Lecture notes in mathematics,Lecture notes in mathematics,0075-8434,book series,Springer Nature
journal:S9435936,journal,S9435936,Long Range Planning,Long Range Planning,0024-6301,journal,Elsevier BV
journal:S26760650,journal,S26760650,LWT,LWT,0023-6438,journal,Elsevier BV
journal:S4306488689,journal,S4306488689,Macat Library eBooks,Macat Library eBooks,,ebook platform,
journal:S62148650,journal,S62148650,Machine Learning,Machine Learning,0885-6125,journal,Springer Science+Business Media
journal:name:machine learning under malware attack,journal,name:machine learning under malware attack,Machine Learning under Malware Attack,Machine Learning under Malware Attack,,,
journal:S4210196053,journal,S4210196053,Man,Man,0025-1496,journal,Royal Anthropological Institute of Great Britain and Ireland
journal:S33323087,journal,S33323087,Management Science,Management Science,0025-1909,journal,Institute for Operations Research and the Management Sciences
journal:S102439543,journal,S102439543,Mathematics of Computation,Mathematics of Computation,0025-5718,journal,American Mathematical Society
journal:S4306463610,journal,S4306463610,McGraw-Hill Book Company,McGraw-Hill Book Company,,ebook platform,McGraw Hill Book Company
journal:S79233773,journal,S79233773,Medical Care,Medical Care,0025-7079,journal,Lippincott Williams & Wilkins
journal:S4210197683,journal,S4210197683,Medical Entomology and Zoology,Medical Entomology and Zoology,0424-7086,journal,Japan Society of Medical Entomology and Zoology
journal:S14544163,journal,S14544163,Medicine & Science in Sports & Exercise,Medicine & Science in Sports & Exercise,0195-9131,journal,Lippincott Williams & Wilkins
journal:S73539393,journal,S73539393,Methods,Methods,1046-2023,journal,Elsevier BV
journal:S182211142,journal,S182211142,Methods in enzymology on CD-ROM/Methods in enzymology,Methods in enzymology on CD-ROM/Methods in enzymology,0076-6879,book series,Academic Press
journal:S4210173168,journal,S4210173168,Midwest Journal of Political Science,Midwest Journal of Political Science,0026-3397,journal,
journal:S57293258,journal,S57293258,MIS Quarterly,MIS Quarterly,0276-7783,journal,MIS Quarterly
journal:S117777245,journal,S117777245,Modelling and Simulation in Materials Science and Engineering,Modelling and Simulation in Materials Science and Engineering,0965-0393,journal,IOP Publishing
journal:S72851247,journal,S72851247,Modern Language Journal,Modern Language Journal,0026-7902,journal,Wiley
journal:S57552105,journal,S57552105,Molecular Biology and Evolution,Molecular Biology and Evolution,0737-4038,journal,Oxford University Press
journal:S22454499,journal,S22454499,Molecular Ecology,Molecular Ecology,0962-1083,journal,Wiley
journal:S165787973,journal,S165787973,Molecular Ecology Notes,Molecular Ecology Notes,1471-8278,journal,Wiley
journal:S64961995,journal,S64961995,Molecular Ecology Resources,Molecular Ecology Resources,1755-098X,journal,Wiley
journal:S204809294,journal,S204809294,Molecular Physics,Molecular Physics,0026-8976,journal,Taylor & Francis
journal:S200893805,journal,S200893805,Molecular Systems Biology,Molecular Systems Biology,1744-4292,journal,Springer Nature
journal:S4306463641,journal,S4306463641,National Academies Press eBooks,National Academies Press eBooks,,ebook platform,
journal:S137773608,journal,S137773608,Nature,Nature,0028-0836,journal,Nature Portfolio
journal:S106963461,journal,S106963461,Nature Biotechnology,Nature Biotechnology,1087-0156,journal,Nature Portfolio
journal:S137905309,journal,S137905309,Nature Genetics,Nature Genetics,1061-4036,journal,Nature Portfolio
journal:S103895331,journal,S103895331,Nature Materials,Nature Materials,1476-1122,journal,Nature Portfolio
journal:S127827428,journal,S127827428,Nature Methods,Nature Methods,1548-7091,journal,Nature Portfolio
journal:S7822423,journal,S7822423,Nature Nanotechnology,Nature Nanotechnology,1748-3387,journal,Nature Portfolio
journal:S109387254,journal,S109387254,Nature Protocols,Nature Protocols,1750-2799,journal,Nature Portfolio
journal:S168252155,journal,S168252155,Neonatology,Neonatology,1661-7800,journal,Karger Publishers
journal:S207023548,journal,S207023548,Neural Computation,Neural Computation,0899-7667,journal,The MIT Press
journal:S123019304,journal,S123019304,Neural Networks,Neural Networks,0893-6080,journal,Elsevier BV
journal:S45693802,journal,S45693802,Neurocomputing,Neurocomputing,0925-2312,journal,Elsevier BV
journal:S103225281,journal,S103225281,NeuroImage,NeuroImage,1053-8119,journal,Elsevier BV
journal:S79704628,journal,S79704628,Neurology,Neurology,0028-3878,journal,Lippincott Williams & Wilkins
journal:S86238769,journal,S86238769,Neuropeptides,Neuropeptides,0143-4179,journal,Elsevier BV
journal:S165368631,journal,S165368631,Neuropsychologia,Neuropsychologia,0028-3932,journal,Elsevier BV
journal:S62468778,journal,S62468778,New England Journal of Medicine,New England Journal of Medicine,0028-4793,journal,Massachusetts Medical Society
journal:S145630073,journal,S145630073,Nuclear Instruments and Methods in Physics Research Section A Accelerators Spectrometers Detectors and Associated Equipment,Nuclear Instruments and Methods in Physics Research Section A Accelerators Spectrometers Detectors and Associated Equipment,0168-9002,journal,Elsevier BV
journal:S134668137,journal,S134668137,Nucleic Acids Research,Nucleic Acids Research,0305-1048,journal,Oxford University Press
journal:S193378857,journal,S193378857,Nucleic Acids Symposium Series,Nucleic Acids Symposium Series,0261-3166,journal,Oxford University Press
journal:S4210205683,journal,S4210205683,Numerische Mathematik,Numerische Mathematik,0029-599X,journal,Springer Science+Business Media
journal:S62565178,journal,S62565178,Nurse Education Today,Nurse Education Today,0260-6917,journal,Elsevier BV
journal:S57227388,journal,S57227388,Nursing Research,Nursing Research,0029-6562,journal,Lippincott Williams & Wilkins
journal:S38078933,journal,S38078933,Nutrition Reviews,Nutrition Reviews,0029-6643,journal,Oxford University Press
journal:S116972989,journal,S116972989,OMICS A Journal of Integrative Biology,OMICS A Journal of Integrative Biology,1536-2310,journal,"Mary Ann Liebert, Inc."
journal:S206124708,journal,S206124708,Organization Science,Organization Science,1047-7039,journal,Institute for Operations Research and the Management Sciences
journal:S64744539,journal,S64744539,Organizational Behavior and Human Decision Processes,Organizational Behavior and Human Decision Processes,0749-5978,journal,Elsevier BV
journal:S4306463708,journal,S4306463708,Oxford University Press eBooks,Oxford University Press eBooks,,ebook platform,Oxford University Press
journal:S22496335,journal,S22496335,Pacific Affairs,Pacific Affairs,0030-851X,journal,University of British Columbia
journal:S130519153,journal,S130519153,Palaeontologia Electronica,Palaeontologia Electronica,1094-8074,journal,
journal:S39041608,journal,S39041608,Patient Education and Counseling,Patient Education and Counseling,0738-3991,journal,Elsevier BV
journal:S151820558,journal,S151820558,Pattern Recognition Letters,Pattern Recognition Letters,0167-8655,journal,Elsevier BV
journal:S4210199927,journal,S4210199927,Performance + Instruction,Performance + Instruction,0884-1985,journal,Wiley
journal:S203465302,journal,S203465302,Pflügers Archiv - European Journal of Physiology,Pflügers Archiv - European Journal of Physiology,0031-6768,journal,Springer Science+Business Media
journal:S2764821508,journal,S2764821508,Philosophy study,Philosophy study,2159-5313,journal,
journal:S181332294,journal,S181332294,Physical Chemistry Chemical Physics,Physical Chemistry Chemical Physics,1463-9076,journal,Royal Society of Chemistry
journal:S54862371,journal,S54862371,Physical Review,Physical Review,0031-899X,journal,American Institute of Physics
journal:S24807848,journal,S24807848,Physical Review Letters,Physical Review Letters,0031-9007,journal,American Physical Society
journal:S4210219937,journal,S4210219937,"Physical review. A, General physics","Physical review. A, General physics",0556-2791,journal,American Institute of Physics
journal:S4210174675,journal,S4210174675,"Physical review. B, Condensed matter","Physical review. B, Condensed matter",0163-1829,journal,American Physical Society
journal:S4210208989,journal,S4210208989,"Physical review. B, Solid state","Physical review. B, Solid state",0556-2805,journal,American Physical Society
journal:S180907581,journal,S180907581,Physics Today,Physics Today,0031-9228,journal,AIP Publishing
journal:S185046733,journal,S185046733,Physiologia Plantarum,Physiologia Plantarum,0031-9317,journal,Wiley
journal:S11781297,journal,S11781297,Plant and Soil,Plant and Soil,0032-079X,journal,Springer Science+Business Media
journal:S42294715,journal,S42294715,PLANT PHYSIOLOGY,PLANT PHYSIOLOGY,0032-0889,journal,Oxford University Press
journal:S46033839,journal,S46033839,Plasma and Fusion Research,Plasma and Fusion Research,1880-6821,journal,Japan Society of Plasma Science and Nuclear Fusion Research
journal:S197939330,journal,S197939330,PLoS Medicine,PLoS Medicine,1549-1277,journal,Public Library of Science
journal:S202381698,journal,S202381698,PLoS ONE,PLoS ONE,1932-6203,journal,Public Library of Science
journal:S4306402433,journal,S4306402433,"Portuguese National Funding Agency for Science, Research and Technology (RCAAP Project by FCT)","Portuguese National Funding Agency for Science, Research and Technology (RCAAP Project by FCT)",,repository,
journal:S4306463805,journal,S4306463805,Princeton University Press eBooks,Princeton University Press eBooks,,ebook platform,Princeton University Press
journal:name:proceedings of icnn'95 - international conference on neural networks,journal,name:proceedings of icnn'95 - international conference on neural networks,Proceedings of ICNN'95 - International Conference on Neural Networks,Proceedings of ICNN'95 - International Conference on Neural Networks,,,
journal:name:proceedings of the 2001 ieee computer society conference on computer vision and pattern recognition. cvpr 2001,journal,name:proceedings of the 2001 ieee computer society conference on computer vision and pattern recognition. cvpr 2001,Proceedings of the 2001 IEEE Computer Society Conference on Computer Vision and Pattern Recognition. CVPR 2001,Proceedings of the 2001 IEEE Computer Society Conference on Computer Vision and Pattern Recognition. CVPR 2001,,,
journal:name:proceedings of the 2014 conference on empirical methods in natural language processing (emnlp),journal,name:proceedings of the 2014 conference on empirical methods in natural language processing (emnlp),Proceedings of the 2014 Conference on Empirical Methods in Natural Language Processing (EMNLP),Proceedings of the 2014 Conference on Empirical Methods in Natural Language Processing (EMNLP),,,
journal:name:proceedings of the 2019 conference of the north,journal,name:proceedings of the 2019 conference of the north,Proceedings of the 2019 Conference of the North,Proceedings of the 2019 Conference of the North,,,
journal:name:proceedings of the 22nd acm sigkdd international conference on knowledge discovery and data mining,journal,name:proceedings of the 22nd acm sigkdd international conference on knowledge discovery and data mining,Proceedings of the 22nd ACM SIGKDD International Conference on Knowledge Discovery and Data Mining,Proceedings of the 22nd ACM SIGKDD International Conference on Knowledge Discovery and Data Mining,,,
journal:name:proceedings of the 40th annual meeting on association for computational linguistics  - acl '02,journal,name:proceedings of the 40th annual meeting on association for computational linguistics  - acl '02,Proceedings of the 40th Annual Meeting on Association for Computational Linguistics  - ACL '02,Proceedings of the 40th Annual Meeting on Association for Computational Linguistics  - ACL '02,,,
journal:S68686220,journal,S68686220,Proceedings of the IEEE,Proceedings of the IEEE,0018-9219,journal,Institute of Electrical and Electronics Engineers
journal:S125754415,journal,S125754415,Proceedings of the National Academy of Sciences,Proceedings of the National Academy of Sciences,0027-8424,journal,National Academy of Sciences
journal:S3006183880,journal,S3006183880,Proceedings of the Royal Society A Mathematical Physical and Engineering Sciences,Proceedings of the Royal Society A Mathematical Physical and Engineering Sciences,1364-5021,journal,Royal Society
journal:name:proceedings of the seventh ieee international conference on computer vision,journal,name:proceedings of the seventh ieee international conference on computer vision,Proceedings of the Seventh IEEE International Conference on Computer Vision,Proceedings of the Seventh IEEE International Conference on Computer Vision,,,
journal:S173499201,journal,S173499201,Process Biochemistry,Process Biochemistry,1359-5113,journal,Elsevier BV
journal:S84074229,journal,S84074229,Psychiatry Research,Psychiatry Research,0165-1781,journal,Elsevier BV
journal:S75627607,journal,S75627607,Psychological Bulletin,Psychological Bulletin,0033-2909,journal,American Psychological Association
journal:S16647404,journal,S16647404,Psychological Inquiry,Psychological Inquiry,1047-840X,journal,Taylor & Francis
journal:S35223124,journal,S35223124,Psychological Review,Psychological Review,0033-295X,journal,American Psychological Association
journal:S4306463811,journal,S4306463811,Psychology Press eBooks,Psychology Press eBooks,,ebook platform,
journal:S186480540,journal,S186480540,Psychometrika,Psychometrika,0033-3123,journal,Springer Science+Business Media
journal:S4306525036,journal,S4306525036,PubMed,PubMed,,repository,National Institutes of Health
journal:S142816121,journal,S142816121,Pure and Applied Chemistry,Pure and Applied Chemistry,0033-4545,journal,International Union of Pure and Applied Chemistry
journal:S32648145,journal,S32648145,Qualitative Health Research,Qualitative Health Research,1049-7323,journal,SAGE Publishing
journal:S51001188,journal,S51001188,Qualitative Research in Psychology,Qualitative Research in Psychology,1478-0887,journal,Taylor & Francis
journal:S2764513707,journal,S2764513707,Qualitative Research in Sport Exercise and Health,Qualitative Research in Sport Exercise and Health,2159-676X,journal,Taylor & Francis
journal:S70522100,journal,S70522100,Quarterly Journal of the Royal Meteorological Society,Quarterly Journal of the Royal Meteorological Society,0035-9009,journal,Wiley
journal:S50280174,journal,S50280174,Radiology,Radiology,0033-8419,journal,Radiological Society of North America
journal:S4306401271,journal,S4306401271,RePEc: Research Papers in Economics,RePEc: Research Papers in Economics,,repository,Federal Reserve Bank of St. Louis
journal:S73260565,journal,S73260565,Reviews of Modern Physics,Reviews of Modern Physics,0034-6861,journal,American Physical Society
journal:S2739018597,journal,S2739018597,Revista de Administração Contemporânea,Revista de Administração Contemporânea,1415-6555,journal,Associação Nacional de Pós-Graduação e Pesquisa em Administração (ANPAD)
journal:S115516397,journal,S115516397,Revue économique,Revue économique,0035-2764,journal,Sciences Po
journal:name:rugman reviews,journal,name:rugman reviews,Rugman Reviews,Rugman Reviews,,,
journal:S4306463867,journal,S4306463867,Sage eBooks,Sage eBooks,,ebook platform,SAGE Publishing
journal:S72071028,journal,S72071028,Scandinavian Journal of Statistics,Scandinavian Journal of Statistics,0303-6898,journal,Wiley
journal:S117485531,journal,S117485531,Schizophrenia Bulletin,Schizophrenia Bulletin,0586-7614,journal,Oxford University Press
journal:S3880285,journal,S3880285,Science,Science,0036-8075,journal,American Association for the Advancement of Science
journal:S2737427234,journal,S2737427234,Science Advances,Science Advances,2375-2548,journal,American Association for the Advancement of Science
journal:S155937366,journal,S155937366,Science Signaling,Science Signaling,1937-9145,journal,American Association for the Advancement of Science
journal:S2607323502,journal,S2607323502,Scientific Data,Scientific Data,2052-4463,journal,Nature Portfolio
journal:S196734849,journal,S196734849,Scientific Reports,Scientific Reports,2045-2322,journal,Nature Portfolio
journal:S148561398,journal,S148561398,Scientometrics,Scientometrics,0138-9130,journal,Springer Nature (Netherlands)
journal:S160107561,journal,S160107561,SIAM Review,SIAM Review,0036-1445,journal,Society for Industrial and Applied Mathematics
journal:S42921845,journal,S42921845,SLEEP,SLEEP,0161-8105,journal,Oxford University Press
journal:S130611943,journal,S130611943,Social Forces,Social Forces,0037-7732,journal,Oxford University Press
journal:S26186134,journal,S26186134,Social Networks,Social Networks,0378-8733,journal,Elsevier BV
journal:name:social theory re-wired,journal,name:social theory re-wired,Social Theory Re-Wired,Social Theory Re-Wired,,,
journal:S4306463922,journal,S4306463922,Society for Industrial and Applied Mathematics eBooks,Society for Industrial and Applied Mathematics eBooks,,ebook platform,Society for Industrial and Applied Mathematics
journal:S9536269,journal,S9536269,Sociological Methods & Research,Sociological Methods & Research,0049-1241,journal,SAGE Publishing
journal:S2506067282,journal,S2506067282,SoftwareX,SoftwareX,2352-7110,journal,Elsevier BV
journal:S90259781,journal,S90259781,Soil Science,Soil Science,0038-075X,journal,Lippincott Williams & Wilkins
journal:S59755854,journal,S59755854,Soil Science Society of America Journal,Soil Science Society of America Journal,0361-5995,journal,Wiley
journal:S16296580,journal,S16296580,Southern Economic Journal,Southern Economic Journal,0038-4038,journal,Wiley
journal:S5152312,journal,S5152312,Spatial Vision,Spatial Vision,0169-1015,journal,Brill
journal:name:speech acts,journal,name:speech acts,Speech Acts,Speech Acts,,,
journal:S4210187552,journal,S4210187552,Springer series in statistics,Springer series in statistics,0172-7397,book series,Springer Science+Business Media
journal:S161743634,journal,S161743634,Stanford Law Review,Stanford Law Review,0038-9765,journal,Stanford Law School
journal:S4306463952,journal,S4306463952,Stanford University Press eBooks,Stanford University Press eBooks,,ebook platform,
journal:S4210187487,journal,S4210187487,Statisctics and computing/Statistics and computing,Statisctics and computing/Statistics and computing,1431-8784,book series,Springer Nature
journal:S12967704,journal,S12967704,Statistical Science,Statistical Science,0883-4237,journal,Institute of Mathematical Statistics
journal:S4210186945,journal,S4210186945,Statistics for biology and health,Statistics for biology and health,2197-5663,journal,
journal:S55189604,journal,S55189604,Statistics in Medicine,Statistics in Medicine,0277-6715,journal,Wiley
journal:S102949365,journal,S102949365,Strategic Management Journal,Strategic Management Journal,0143-2095,journal,Wiley
journal:S78020522,journal,S78020522,Structural Equation Modeling A Multidisciplinary Journal,Structural Equation Modeling A Multidisciplinary Journal,1070-5511,journal,Taylor & Francis
journal:S120411249,journal,S120411249,Swarm Intelligence,Swarm Intelligence,1935-3812,journal,Springer Science+Business Media
journal:S65478581,journal,S65478581,Systematic Biology,Systematic Biology,1063-5157,journal,Oxford University Press
journal:S82452678,journal,S82452678,Systematic Reviews,Systematic Reviews,2046-4053,journal,BioMed Central
journal:S985303,journal,S985303,Technometrics,Technometrics,0040-1706,journal,Taylor & Francis
journal:S97631563,journal,S97631563,Telos,Telos,0090-6514,journal,Telos
journal:S134425043,journal,S134425043,The American Journal of Human Genetics,The American Journal of Human Genetics,0002-9297,journal,Elsevier BV
journal:S5762857,journal,S5762857,The Annals of Mathematical Statistics,The Annals of Mathematical Statistics,0003-4851,journal,Institute of Mathematical Statistics
journal:S119757635,journal,S119757635,The Annals of Statistics,The Annals of Statistics,0090-5364,journal,Institute of Mathematical Statistics
journal:S100695177,journal,S100695177,The Astronomical Journal,The Astronomical Journal,0004-6256,journal,Institute of Physics
journal:S1980519,journal,S1980519,The Astrophysical Journal,The Astrophysical Journal,0004-637X,journal,IOP Publishing
journal:S44643521,journal,S44643521,The Computer Journal,The Computer Journal,0010-4620,journal,Oxford University Press
journal:S45992627,journal,S45992627,The Economic Journal,The Economic Journal,0013-0133,journal,Oxford University Press
journal:S130337233,journal,S130337233,The Gerontologist,The Gerontologist,0016-9013,journal,Oxford University Press
journal:S96410829,journal,S96410829,The Journal of Cell Biology,The Journal of Cell Biology,0021-9525,journal,Rockefeller University Press
journal:S77047749,journal,S77047749,The Journal of Chemical Physics,The Journal of Chemical Physics,0021-9606,journal,American Institute of Physics
journal:S17992710,journal,S17992710,The Journal of Clinical Psychiatry,The Journal of Clinical Psychiatry,0160-6689,journal,"Physicians Postgraduate Press, Inc."
journal:S5353659,journal,S5353659,The Journal of Finance,The Journal of Finance,0022-1082,journal,Wiley
journal:S181027741,journal,S181027741,The Journal of Interdisciplinary History,The Journal of Interdisciplinary History,0022-1953,journal,The MIT Press
journal:S998097505,journal,S998097505,The Journal of Law and Economics,The Journal of Law and Economics,0022-2186,journal,University of Chicago Press
journal:S42468459,journal,S42468459,The Journal of Marketing Theory and Practice,The Journal of Marketing Theory and Practice,1069-6679,journal,Taylor & Francis
journal:S13566964,journal,S13566964,The Journal of Nervous and Mental Disease,The Journal of Nervous and Mental Disease,0022-3018,journal,Lippincott Williams & Wilkins
journal:S4210214273,journal,S4210214273,The Journal of Open Source Software,The Journal of Open Source Software,2475-9066,journal,Open Journals
journal:S24459064,journal,S24459064,The Journal of Physical Chemistry,The Journal of Physical Chemistry,0022-3654,journal,American Chemical Society
journal:S185621672,journal,S185621672,The Journal of Physical Chemistry B,The Journal of Physical Chemistry B,1520-5207,journal,American Chemical Society
journal:S2090548,journal,S2090548,The Journal of Physiology,The Journal of Physiology,0022-3751,journal,Wiley
journal:S969433497,journal,S969433497,The Journals of Gerontology Series A,The Journals of Gerontology Series A,1079-5006,journal,Oxford University Press
journal:S49861241,journal,S49861241,The Lancet,The Lancet,0140-6736,journal,Elsevier BV
journal:S4306463997,journal,S4306463997,The MIT Press eBooks,The MIT Press eBooks,,ebook platform,The MIT Press
journal:S67862205,journal,S67862205,The Plant Journal,The Plant Journal,0960-7412,journal,Wiley
journal:S2764583119,journal,S2764583119,The Psychological Monographs,The Psychological Monographs,0096-9753,journal,American Psychological Association
journal:S203860005,journal,S203860005,The Quarterly Journal of Economics,The Quarterly Journal of Economics,0033-5533,journal,Oxford University Press
journal:S88935262,journal,S88935262,The Review of Economic Studies,The Review of Economic Studies,0034-6527,journal,Oxford University Press
journal:S81945236,journal,S81945236,Theoretical Chemistry Accounts,Theoretical Chemistry Accounts,1432-2234,journal,Springer Science+Business Media
journal:S27569427,journal,S27569427,Thyroid,Thyroid,1050-7256,journal,"Mary Ann Liebert, Inc."
journal:S4306402624,journal,S4306402624,TUScholarShare (Temple University),TUScholarShare (Temple University),,repository,Temple University
journal:S4306400792,journal,S4306400792,University of North Texas Digital Library (University of North Texas),University of North Texas Digital Library (University of North Texas),,repository,University of North Texas
journal:S4210197309,journal,S4210197309,Use R!,Use R!,2197-5736,book series,Springer International Publishing
"journal:name:utility, probability, and human decision making",journal,"name:utility, probability, and human decision making","Utility, Probability, and Human Decision Making","Utility, Probability, and Human Decision Making",,,
journal:S52566953,journal,S52566953,Water Research,Water Research,0043-1354,journal,Elsevier BV
journal:S4210188905,journal,S4210188905,Wiley series in probability and statistics,Wiley series in probability and statistics,1940-6347,book series,Wiley
journal:S4306400562,journal,S4306400562,Zenodo (CERN European Organization for Nuclear Research),Zenodo (CERN European Organization for Nuclear Research),,repository,European Organization for Nuclear Research
journal:name:без журнала,journal,name:без журнала,Без журнала,Без журнала,,,
